"Character","Species / condition","Priority","Thumbnail","Images inside entry","Design notes","Lorebook link"
"Lysanthir Altherion","Elf","First batch","Created — needs refinement","Lysanthir Altherion — life in the Heights","City business wardrobe: charcoal suit, silver hair, left-ear cuff and blue mana channels. Both this suit and his Heights robes are normal wardrobes. The generator duplicated his signet ring; retain only the right-index signet in the next pass.","https://vlob-ai.github.io/Neonix-World/#entry/lysanthir-altherion"
"Mia Sanchez","Human","First batch","Created — concept ready","Mia Sanchez — reference sheet draft","Warm, stocky silhouette, teal underlayer, practical bar clothing. Towel and scar on her left; citrus tattoo on her right. No cyberware.","https://vlob-ai.github.io/Neonix-World/#entry/mia-sanchez"
"Borin Gravelbeard","Dwarf","First batch","Created — concept ready","Borin Gravelbeard — reference sheet draft","Three beard braids, brass right forearm with three blue mana vials, natural left hand holding the stein.","https://vlob-ai.github.io/Neonix-World/#entry/borin-gravelbeard"
"Elandra Silvershade","Elf","First batch","Created — concept ready","Elandra Silvershade — reference sheet draft","Umber skin, a blue left ocular implant, long black hair, white-and-indigo robes and luminous rune channels. Fine rune placement remains a proposal.","https://vlob-ai.github.io/Neonix-World/#entry/elandra-silvershade"
"Maxwell Riggs","Human","First batch","Created — concept ready","Fuller character image planned","Distinct mature silver-fox face, grey-blue eyes, swept salt-and-pepper hair/stubble, warm expression and navy waistcoat match. No facial cyberware. Five-color unity pin is absent; a necklace is an unrequested detail. Hands are only partially visible, so right-hand implant cannot be evaluated here.","https://vlob-ai.github.io/Neonix-World/#entry/maxwell-riggs"
"Thrain Ironfist","Dwarf","First batch","Created — concept ready","Fuller character image planned","Revised portrait: one central beard plait, bald knotwork scalp, elder dwarf face and ordinary oxblood/charcoal clothing. The iron left hand is intentionally below the portrait crop.","https://vlob-ai.github.io/Neonix-World/#entry/thrain-ironfist"
"Zara Flux","Mutant","First batch","Created — concept ready","Fuller character image planned","Strong match: warm-brown human-shaped face, brown eyes, gap-toothed grin, multicolored filament locs and skin patches, left eyebrow split, blue-ringed amplifier and punk cloth details. Olive outer layer reads as a sleeveless vest instead of the specified cropped military jacket; forearm coverage remains to be established.","https://vlob-ai.github.io/Neonix-World/#entry/zara-flux"
"Morgana Vale","Human, afflicted with The Gloom (The Plagued)","First batch","Created — concept ready","Fuller character image planned","Gaunt dignified adult face, natural right brown eye, clouded left eye, left collarbone port, lowered respirator, throat veins, dim grey-blue light and worn coat match. White hair is split into two front sections rather than one broad left-temple streak.","https://vlob-ai.github.io/Neonix-World/#entry/morgana-vale"
"Aerendir Leafgold","Elf","Next batch","Created — concept ready","Fuller character image planned","Modern honey-gold undercut, mature elf face, golden-hazel eyes, cream/gold suit and black shirt match. Gold port and rings are on image-left/anatomical RIGHT, with four rings instead of three. Blue lines are relatively thick cables; lapels are solid gold rather than gold-leaf filigree.","https://vlob-ai.github.io/Neonix-World/#entry/aerendir-leafgold"
"Silvyr Moondew","Elf","Next batch","Created — concept ready","Fuller character image planned","Adult elf identity, grey-violet eyes, rimless lenses, lavender-silver bob, high collar and no cyberware match. Bob reaches the neck slightly beyond the specified jawline. Visible sash runs from anatomical LEFT shoulder toward RIGHT hip, opposite the brief; no visible council seal.","https://vlob-ai.github.io/Neonix-World/#entry/silvyr-moondew"
"Faelar Shadowsong","Elf","Next batch","Created — concept ready","Fuller character image planned","Tired plain adult elf face, tied dark hair, notched ear, grey collar and faint blue irises match. Songbird is on image-left/anatomical RIGHT shoulder and looks like an organic feathered bird with a blue halo, rather than an unobtrusive mechanical drone on the left.","https://vlob-ai.github.io/Neonix-World/#entry/faelar-shadowsong"
"Dr. Lena Kovalenko","Human","Next batch","Created — concept ready","Fuller character image planned","Strong face match: tired middle-aged appearance, dark under-eye circles, heavy glasses, pale-blue eyes, messy ash-blonde bun and stylus. Green/white clothes match the palette. Arm is outside crop as intended; its laterality, elbow coil and unfinished construction remain untested.","https://vlob-ai.github.io/Neonix-World/#entry/dr-lena-kovalenko"
"Ambassador Julian Torres","Human","Next batch","Created — concept ready","Fuller character image planned","Warm mature deep-brown face, shaved head, white beard/brows and correctly ordered five-color scarf match. Translator is a broad plate on image-right/anatomical LEFT, rather than a thin right-jaw silver line. Five lapel pins are absent.","https://vlob-ai.github.io/Neonix-World/#entry/ambassador-julian-torres"
"Commander Erica Stone","Human","Next batch","Created — concept ready","Fuller character image planned","Credible adult commander, freckles, green eyes, auburn braided hair and practical navy armor match. Scar has been duplicated across both eyebrows; visible comm bud is on anatomical LEFT. Hair forms paired crown braids instead of one tight centered French braid. Lower-leg implant remains outside crop.","https://vlob-ai.github.io/Neonix-World/#entry/commander-erica-stone"
"Brogan Steelbrow","Dwarf","Next batch","Created — concept ready","Fuller character image planned","Strong match: short red beard and buzz cut, broad ruddy adult dwarf face, green eyes, riveted steel brow plate with blue seams, orange hi-vis vest and rough jacket. Portrait adds a large diagonal cheek scar not specified in the brief. Hard hat and other equipment are below crop.","https://vlob-ai.github.io/Neonix-World/#entry/brogan-steelbrow"
"Gilda Rockfounder","Dwarf","Later","Created — concept ready","Fuller character image planned","Sturdy adult dwarf woman with ruddy freckles, chestnut crown braids, drafting pencils, striped shirt and practical overalls. Brass loupe correctly covers her RIGHT eye (viewer LEFT); other eye is naturally hazel. Minimal blue blueprint marks beside the loupe and clear manhwa rendering. No armor or glamour drift.","https://vlob-ai.github.io/Neonix-World/#entry/gilda-rockfounder"
"Thrombur Irontrack","Dwarf","Later","Created — concept ready","Fuller character image planned","Older rosy round dwarf face, neat green peaked cap with red piping, matching coat, exactly two white-blond forked beard braids and brass charms match. Blue chest chronometer is visible, though its mounting reads somewhat like an oversized pocket watch; confirm the specified chest window in the body view. Eyes remain natural, not glowing.","https://vlob-ai.github.io/Neonix-World/#entry/thrombur-irontrack"
"Rex Nightshade","Mutant","Next batch","Created — needs refinement","Fuller character image planned","Elegant adult mutant identity, violet eyes, pale skin, long black hair and burgundy/black clothing match. Defining mutation fails laterality: crystal surrounds anatomical LEFT eye/temple and also covers RIGHT jaw. Brief requires crystal only on RIGHT face from jaw to temple, with LEFT profile completely natural. Current spread must not become reference canon.","https://vlob-ai.github.io/Neonix-World/#entry/rex-nightshade"
"Dr. Felix Morpho","Mutant","Later","Created — needs refinement","Fuller character image planned","Indigo curls, goggles on the head, localized morpho-blue scale patches, colorful patterned shirt, apron and blue-liquid vial bandolier match. Face reads as a young adult, at the youthful end of the 37-year-old brief. The main mismatch is substantial visible white sclera around ordinary-sized dark irises; the brief calls for large dark eyes with almost no whites. No body implants or full insect transformation.","https://vlob-ai.github.io/Neonix-World/#entry/dr-felix-morpho"
"Dr. Nova Seraph","Human, extensively self-modified","Next batch","Created — concept ready","Fuller character image planned","Natural adult face structure, porcelain skin, platinum buzz cut and chrome-silver eye lenses are clear. White clothing and two folded surgical structures behind the shoulders with blue conduits match the brief. Clean manhwa linework; no facial plates or horror styling. Full four-arm count must be checked in the body image because the natural arms and complete surgical limbs are outside this crop.","https://vlob-ai.github.io/Neonix-World/#entry/dr-nova-seraph"
"Ivor Grimeshade","Human, afflicted with The Gloom (The Plagued)","Later","Created — needs refinement","Fuller character image planned","Wide oilcloth hat, gaunt aged face, gold front tooth, correct LEFT low-light ocular (viewer RIGHT), natural dark right eye, restrained grey-blue coloring and worn coat match. The brass-filter respirator is entirely absent from the visible neck/chest. Facial identity is usable, but that signature equipment must return in the body view.","https://vlob-ai.github.io/Neonix-World/#entry/ivor-grimeshade"
"Mara Hearthkeeper","Human, afflicted with The Gloom (The Plagued)","Later","Created — concept ready","Fuller character image planned","Strong broad middle-aged woman, warm ashen face, natural clear brown eyes, grey-streaked brown hair, red kerchief, oatmeal sweater and apron match. Hearing aid correctly sits at her RIGHT ear (viewer LEFT), with restrained grey-blue tone. No frailty, clouded eye or facial monster drift. Forearm Gloom veins will need checking in the full-body view.","https://vlob-ai.github.io/Neonix-World/#entry/mara-hearthkeeper"
"Rollo Scrapminder","Human, afflicted with The Gloom (The Plagued)","Later","Created — needs refinement","Fuller character image planned","Bald veined scalp, wild long grey beard, magnifier goggles, natural kind eyes and broad heavy shoulders match his older identity. Salvage harness is visible with dim conduits. However he is bare-chested and the patchwork COAT is absent; the colored scraps are only on the harness. Use the face as reference but restore proper clothing in the body image.","https://vlob-ai.github.io/Neonix-World/#entry/rollo-scrapminder"
"Orion Cybermind","Human, extensively modified (DreamPlane Ascendant)","Next batch","Created — needs refinement","Fuller character image planned","Hairless thin mature face, transparent intact processor dome, crystal lattice, contained blue mana and white-grey clothing match. Eyes read as narrow OPEN glowing slits rather than closed eyelids. Cable braids down the back are not visible in this crop; the visible conduits are at the chest. Face is suitable as identity reference, with eye pose and cable routing clarified for the body.","https://vlob-ai.github.io/Neonix-World/#entry/orion-cybermind"
"Eva Trueborn","Human (Purist)","Next batch","Created — needs refinement","Fuller character image planned","Age lines, grey braid, crooked healed nose, warm natural face, reading glasses on a cord and undyed layers match. No implants or mana. Image appears to place white armbands on BOTH upper arms; the brief specifies left only. Facial identity is otherwise coherent and stylistically consistent.","https://vlob-ai.github.io/Neonix-World/#entry/eva-trueborn"
"Gael Greenwarden","Human","Later","Created — concept ready","Fuller character image planned","Weatherbeaten mature face, natural green eyes, tangled red-brown hair and beard streaked grey, twigs, rough green cloak with hood back and small blue throat sensor all match. Good mature manhwa treatment without a clean-cut or polished fantasy redesign. Staff, soil jar and muddy boots are outside this crop.","https://vlob-ai.github.io/Neonix-World/#entry/gael-greenwarden"
"Blaze Carmine","Human","Later","Created — concept ready","Fuller character image planned","Corrected orientation: three scars on the left cheek, right shoulder cyberware and blue mana seams. Portrait is a concept for creator review.","https://vlob-ai.github.io/Neonix-World/#entry/blaze-carmine"
"Ghost Nakamura","Mutant","Later","Created — concept ready","Fuller character image planned","Pale translucent adult face, fine features, ragged white hair and brows, pale-grey eyes, faint blue vein mana and visible half-mask lowered at the chin match the portrait brief. Clean restrained manhwa treatment, no colored skin or invented body implants. For the body image the mask should be raised over nose and mouth as planned, with the same eyes still readable.","https://vlob-ai.github.io/Neonix-World/#entry/ghost-nakamura"
"Valkyrie Stroud","Human","Later","Created — concept ready","Fuller character image planned","Corrected orientation: long braid on her left and scar across her right cheek. Strong muscular shoulders, amber eyes and silver hair establish her identity.","https://vlob-ai.github.io/Neonix-World/#entry/valkyrie-stroud"
"Elara 'The Conductor' Vance","Human","Later","Created — concept ready","Fuller character image planned","Composed adult face, sleek low chignon, pearl studs, red lips, and restrained blue-silver temple lines are consistent with the brief. Black turtleneck and camel coat establish her formal wardrobe; gloves and baton belong in the body study.","https://vlob-ai.github.io/Neonix-World/#entry/elara-the-conductor-vance"
"Milo 'The Broker' Harland","Human","Later","Created — concept ready","Fuller character image planned","Heavyset, ruddy face, brown combover and thick mustache give Milo a distinct identity. His amber-ringed cyber lens is correctly on his left, with a natural brown right eye. The checked three-piece outfit still needs its complete body view.","https://vlob-ai.github.io/Neonix-World/#entry/milo-the-broker-harland"
"Jax 'The Ghost' Turner","Human","Later","Created — needs refinement","Fuller character image planned","The low cap, heavy-lidded eyes, close beard and worn brown jacket suit Jax's quiet identity. The implant has shifted to the visible side of his neck and glows; his jack should be at the posterior nape and inactive in this studio view.","https://vlob-ai.github.io/Neonix-World/#entry/jax-the-ghost-turner"
"Lireal Moonblade","Elf","Later","Created — concept ready","Fuller character image planned","Corrected orientation: the dark green-black bob is longer on her left. Natural green eyes, adult elven face and practical street clothes match the brief; leg augmentation remains below the portrait crop.","https://vlob-ai.github.io/Neonix-World/#entry/lireal-moonblade"
"Alex 'Datafist' Mercer","Human","Later","Created — concept ready","Fuller character image planned","Strong square face, dark skin, short twist-out, compact shoulders and charcoal sleeveless hoodie match the brief. Cyber forearms enter the bottom of the crop without adding facial hardware. The body view must make every knuckle port readable.","https://vlob-ai.github.io/Neonix-World/#entry/alex-datafist-mercer"
"Bruni Gearhack","Dwarf","Later","Created — concept ready","Fuller character image planned","The left thumb and index finger alone are mechanical; the other three fingers are natural. The long sideburn is on his left. Copper-wire braid detail and duplicate callout labels can be refined.","https://vlob-ai.github.io/Neonix-World/#entry/bruni-gearhack"
"Sylph Voidwalker","Mutant","Later","Created — concept ready","Fuller character image planned","Hairless head, absent eyebrows, elongated gaunt face and grey-blue skin distinguish Sylph. His black sclera and silver irises read correctly. Keep the eye mana restrained when developing the body.","https://vlob-ai.github.io/Neonix-World/#entry/sylph-voidwalker"
"Echo 'The Wraith' Vale","Human, afflicted with The Gloom (The Plagued); possibly Morgana Vale's younger sister — creator to confirm","Later","Created — concept ready","Fuller character image planned","Shaved scarred scalp, natural dark-brown eyes, extensive violet-grey Gloom veining and a cracked lowered respirator preserve Echo's supplied identity. Tattered clothing and her restrained grim smile are present; no clouded eye was imposed.","https://vlob-ai.github.io/Neonix-World/#entry/echo-the-wraith-vale"
"Elandor Swiftwind","Elf","Later","Created — concept ready","Fuller character image planned","Calm adult elven face, teal eyes, pale green-blond high tail, raised visor and blue cheekbone wind-runes match the brief. The white-and-teal collar provides a consistent racing wardrobe anchor.","https://vlob-ai.github.io/Neonix-World/#entry/elandor-swiftwind"
"Max 'Turbo' Jackson","Human","Later","Created — needs refinement","Fuller character image planned","Bleach-blond spikes, blue eyes, exuberant chipped-tooth grin, white tank and tied red racing suit establish Max. The blue booster units appear on the sides of his neck; their intended location is the rear neck.","https://vlob-ai.github.io/Neonix-World/#entry/max-turbo-jackson"
"Riley 'Gearshift' Morgan","Human","Later","Created — concept ready","Fuller character image planned","Tan grease-smudged face, dark eyes, messy black topknot, red bandana, sturdy shoulders and black tank create the intended practical identity. Her tool hand and forearm details remain below the portrait crop for the body study.","https://vlob-ai.github.io/Neonix-World/#entry/riley-gearshift-morgan"
"Brond 'Ironwheel' Gravelheart","Dwarf","Later","Created — needs refinement","Fuller character image planned","Mature broad face, deep-brown skin, dark eyes and two thick black beard braids with steel fittings match Brond's identity. A blue collar accent was added; his specified mana belongs at the wheel hubs of his cybernetic legs.","https://vlob-ai.github.io/Neonix-World/#entry/brond-ironwheel-gravelheart"
"Sirena 'Velocity' Vexx","Mutant","Later","Created — concept ready","Sirena — backward-knee construction","Copper pixie cut, amber eyes, freckles and spotted skin. Portrait only: her backward knees are explored separately in the construction diagram.","https://vlob-ai.github.io/Neonix-World/#entry/sirena-velocity-vexx"
